-- ============================================================
-- Indomie Ghana Training Dataset
-- 4 tables: product_variants, distributors, orders, delivery_dates
-- ============================================================

DROP TABLE IF EXISTS delivery_dates CASCADE;
DROP TABLE IF EXISTS orders CASCADE;
DROP TABLE IF EXISTS distributors CASCADE;
DROP TABLE IF EXISTS product_variants CASCADE;

-- ============================================================
-- TABLE: product_variants
-- ============================================================
CREATE TABLE product_variants (
    variant_id       SERIAL PRIMARY KEY,
    variant_name     VARCHAR(100) NOT NULL,
    category         VARCHAR(50),
    unit_price_ghs   DECIMAL(10,2) NOT NULL,
    pack_per_carton  INT DEFAULT 40
);

INSERT INTO product_variants (variant_name, category, unit_price_ghs, pack_per_carton) VALUES
    ('Onion Chicken', 'Chicken',   1.50, 40),
    ('Beef',          'Beef',       1.50, 40),
    ('Chicken',       'Chicken',    1.50, 40),
    ('Vegetable',     'Vegetable',  1.20, 40),
    ('Chilli Chicken','Chicken',    1.60, 40),
    ('Prawn',         'Seafood',    1.80, 40);

-- ============================================================
-- TABLE: distributors
-- 6 inactive distributors included (no orders) for LEFT JOIN exercises
-- ~35% of names have intentional inconsistencies
-- Region entries are inconsistent (e.g. 'Accra', 'GA', 'Greater Accra')
-- ============================================================
CREATE TABLE distributors (
    distributor_id   SERIAL PRIMARY KEY,
    distributor_name VARCHAR(150) NOT NULL,
    region           VARCHAR(100),
    contact_phone    VARCHAR(20),
    joined_date      DATE
);

INSERT INTO distributors (distributor_id, distributor_name, region, contact_phone, joined_date) VALUES
    (1, 'Tema Distributors', 'Eastern', '0244744854', '2024-03-07'),
    (2, 'Accra Central Supplies', 'Central', '0242458591', '2025-01-09'),
    (3, 'Kumasi W/S', 'Savannah', '0244903402', '2024-02-09'),
    (4, 'Cape Coast Traders', 'Gr. Accra', '0248038374', '2024-01-20'),
    (5, 'Tamale Depot', 'Upper West', '0241109031', '2024-04-10'),
    (6, 'Takoradi Sup.', 'NR', '0246647119', '2024-02-06'),
    (7, 'Ho Distributors', 'Eastern', '0242622631', '2024-07-24'),
    (8, 'Koforidua Wholesale', 'Bono East', '0245437923', '2024-06-17'),
    (9, 'Sunyani Supplies', 'ashanti', '0243094235', '2024-12-31'),
    (10, 'Bolgatanga Depot', 'Ahafo', '0245918715', '2023-09-19'),
    (11, 'Wa Traders', 'Bono East', '0244226067', '2025-02-11'),
    (12, 'Aflao Distributors', 'Western', '0245855124', '2024-02-19'),
    (13, 'Obuasi Supplies', 'Western Region', '0247377459', '2023-10-12'),
    (14, 'Teshie Wholesale', 'Volta', '0247120868', '2024-10-07'),
    (15, 'Madina Traders', 'North', '0244514944', '2024-06-28'),
    (16, 'Kasoa Depot', 'Volta', '0243871230', '2023-09-12'),
    (17, 'Nungua Supplies', 'Upper West', '0248755439', '2023-12-15'),
    (18, 'Dome Distributors', 'Ahafo', '0244684531', '2024-04-02'),
    (19, 'Dansoman Wholesale', 'Oti', '0244842788', '2023-08-27'),
    (20, 'Achimota Traders', 'ASH', '0245491946', '2024-08-14'),
    (21, 'Tema Distributors 2', 'Western Region', '0246279418', '2025-01-31'),
    (22, 'Accra Central Supplies 2', 'Upper East', '0248698256', '2024-08-09'),
    (23, 'Kumasi W/S 2', 'Central', '0245408072', '2025-01-25'),
    (24, 'Cape Coast Traders 2', 'Savannah', '0247700828', '2025-02-17'),
    (25, 'Tamale Dep. 2', 'Bono East', '0249279821', '2024-12-03'),
    (26, 'Takoradi Supplies 2', 'Western', '0243684052', '2023-12-04'),
    (27, 'Ho Distributors 2', 'Savannah', '0242065818', '2025-03-02'),
    (28, 'Koforidua Wholesale 2', 'Ahafo', '0248852574', '2024-07-25'),
    (29, 'Sunyani Supplies 2', 'Volta', '0241192619', '2025-01-17'),
    (30, 'Bolgatanga Depot 2', 'East', '0242871534', '2024-06-13'),
    (31, 'Wa Traders 2', 'Brong-Ahafo', '0243653446', '2024-09-18'),
    (32, 'Aflao Distributors 2', 'North East', '0245418934', '2023-07-04'),
    (33, 'Obuasi Supplies 2', 'Northern', '0249517169', '2024-05-01'),
    (34, 'Teshie Wholesale 2', 'Upper East', '0247273233', '2023-12-04'),
    (35, 'Madina Traders 2', 'Northern', '0246438436', '2025-03-05'),
    (36, 'Kasoa Depot 2', 'Western North', '0242876828', '2023-07-20'),
    (37, 'Nungua Supplies 2', 'Bono East', '0245017343', '2024-05-10'),
    (38, 'Dome Distributors 2', 'Kumasi', '0242321324', '2025-01-31'),
    (39, 'Dansoman Wholesale 2', 'WR', '0249937326', '2023-09-09'),
    (40, 'Achimota Traders 2', 'Central', '0248973915', '2023-11-09');

-- ============================================================
-- TABLE: orders
-- Known data quality issues embedded:
--   * ~5% of quantity_cartons are NULL (missing entries)
--   * ~3% duplicate order rows (same distributor, date, variant)
--   * ~4% quantities entered as individual packs not cartons (e.g. 800 instead of 20)
--   * Some orders placed on Ghana public holidays
--   * Region entries inconsistent (mirrors distributors table)
-- ============================================================
CREATE TABLE orders (
    order_id         SERIAL PRIMARY KEY,
    distributor_id   INT REFERENCES distributors(distributor_id),
    variant_id       INT REFERENCES product_variants(variant_id),
    order_date       DATE NOT NULL,
    quantity_cartons INT,
    region           VARCHAR(100),
    order_status     VARCHAR(30) DEFAULT 'confirmed'
);

INSERT INTO orders (order_id, distributor_id, variant_id, order_date, quantity_cartons, region, order_status) VALUES
    (1, 17, 3, '2024-11-06', 74, 'Upper West', 'cancelled'),
    (2, 19, 6, '2024-12-09', 71, 'Oti', 'confirmed'),
    (3, 14, 2, '2024-06-22', NULL, 'Volta', 'pending'),
    (4, 21, 5, '2024-02-06', 13, 'Western', 'confirmed'),
    (5, 11, 5, '2024-12-08', 97, 'Bono East', 'pending'),
    (6, 37, 2, '2025-02-17', 89, 'Bono East', 'confirmed'),
    (7, 29, 4, '2025-03-18', 87, 'Volta', 'confirmed'),
    (8, 10, 4, '2025-02-13', 29, 'Ahafo', 'pending'),
    (9, 35, 2, '2024-05-22', 14, 'NR', 'pending'),
    (10, 13, 1, '2024-10-03', 101, 'Western Region', 'confirmed'),
    (11, 33, 4, '2025-03-18', 53, 'Northern', 'confirmed'),
    (12, 23, 4, '2024-12-22', 76, 'Central', 'cancelled'),
    (13, 38, 2, '2024-04-21', 74, 'Ashanti', 'cancelled'),
    (14, 27, 1, '2024-09-01', 25, 'Savannah', 'confirmed'),
    (15, 39, 1, '2024-02-05', 35, 'WR', 'confirmed'),
    (16, 22, 5, '2024-11-13', 77, 'Upper East', 'pending'),
    (17, 27, 3, '2025-01-01', 21, 'Savannah', 'cancelled'),
    (18, 26, 4, '2025-01-19', 1553, 'Western', 'confirmed'),
    (19, 20, 5, '2024-06-27', 52, 'ASH', 'confirmed'),
    (20, 35, 5, '2024-11-09', 72, 'Northern', 'cancelled'),
    (21, 26, 6, '2025-03-25', 18, 'Western Region', 'confirmed'),
    (22, 25, 5, '2024-06-24', 38, 'Bono East', 'pending'),
    (23, 38, 3, '2025-03-09', 111, 'ASH', 'confirmed'),
    (24, 7, 3, '2024-11-22', 61, 'ER', 'pending'),
    (25, 7, 1, '2025-03-28', 9, 'East', 'pending'),
    (26, 16, 4, '2024-06-06', 115, 'Volta', 'confirmed'),
    (27, 29, 2, '2024-12-07', 118, 'Volta', 'confirmed'),
    (28, 16, 2, '2025-02-13', 8, 'Volta', 'confirmed'),
    (29, 28, 4, '2025-03-18', 25, 'Ahafo', 'cancelled'),
    (30, 13, 4, '2025-03-15', 63, 'West', 'confirmed'),
    (31, 21, 2, '2024-08-04', 13, 'West', 'confirmed'),
    (32, 39, 4, '2025-03-07', 19, 'West', 'confirmed'),
    (33, 23, 1, '2024-08-10', 60, 'Central', 'pending'),
    (34, 39, 1, '2024-10-22', 60, 'Western', 'pending'),
    (35, 19, 3, '2024-12-06', 89, 'Oti', 'confirmed'),
    (36, 26, 5, '2024-07-28', 75, 'Western Region', 'confirmed'),
    (37, 33, 6, '2024-12-12', 77, 'North', 'confirmed'),
    (38, 7, 3, '2024-08-08', 46, 'ER', 'confirmed'),
    (39, 35, 6, '2024-08-30', 99, 'Northern Region', 'cancelled'),
    (40, 12, 3, '2024-11-20', 101, 'Western Region', 'cancelled'),
    (41, 26, 2, '2024-03-16', NULL, 'Western Region', 'confirmed'),
    (42, 11, 4, '2024-11-18', 54, 'Bono East', 'confirmed'),
    (43, 32, 2, '2024-12-18', NULL, 'North East', 'confirmed'),
    (44, 34, 2, '2024-12-22', 36, 'Upper East', 'confirmed'),
    (45, 36, 2, '2024-12-07', 45, 'Western North', 'confirmed'),
    (46, 39, 4, '2024-10-07', 115, 'WR', 'confirmed'),
    (47, 23, 2, '2024-05-21', 85, 'Central', 'confirmed'),
    (48, 24, 4, '2024-05-26', 119, 'Savannah', 'pending'),
    (49, 12, 2, '2024-07-15', 13, 'WR', 'confirmed'),
    (50, 28, 5, '2024-02-01', 120, 'Ahafo', 'pending'),
    (51, 8, 5, '2024-01-04', 54, 'Bono East', 'confirmed'),
    (52, 21, 4, '2024-08-11', 90, 'WR', 'cancelled'),
    (53, 17, 4, '2024-11-14', 80, 'Upper West', 'pending'),
    (54, 8, 1, '2024-03-10', 38, 'Bono East', 'confirmed'),
    (55, 27, 2, '2024-06-21', 101, 'Savannah', 'confirmed'),
    (56, 23, 1, '2025-01-18', 49, 'Central', 'confirmed'),
    (57, 11, 6, '2024-01-16', 7, 'Bono East', 'pending'),
    (58, 16, 2, '2024-12-08', 64, 'Volta', 'cancelled'),
    (59, 23, 3, '2024-11-06', 104, 'Central', 'confirmed'),
    (60, 26, 1, '2024-06-08', 53, 'WR', 'cancelled'),
    (61, 19, 1, '2025-03-01', 103, 'Oti', 'confirmed'),
    (62, 14, 5, '2024-06-26', 13, 'Volta', 'pending'),
    (63, 28, 1, '2025-02-25', 51, 'Ahafo', 'cancelled'),
    (64, 36, 6, '2024-03-31', 39, 'Western North', 'pending'),
    (65, 37, 4, '2025-01-09', 36, 'Bono East', 'confirmed'),
    (66, 24, 4, '2024-08-25', 48, 'Savannah', 'confirmed'),
    (67, 38, 3, '2024-04-18', 40, 'ASH', 'pending'),
    (68, 7, 5, '2024-02-13', 76, 'Eastern Region', 'cancelled'),
    (69, 37, 6, '2024-08-17', 33, 'Bono East', 'confirmed'),
    (70, 22, 3, '2024-07-07', 59, 'Upper East', 'cancelled'),
    (71, 28, 3, '2024-05-18', 97, 'Ahafo', 'confirmed'),
    (72, 27, 1, '2025-01-25', 99, 'Savannah', 'confirmed'),
    (73, 24, 6, '2025-01-24', 17, 'Savannah', 'confirmed'),
    (74, 25, 2, '2024-06-03', NULL, 'Bono East', 'pending'),
    (75, 15, 3, '2024-01-28', 21, 'NR', 'confirmed'),
    (76, 7, 5, '2024-09-02', 11, 'East', 'confirmed'),
    (77, 14, 1, '2024-02-07', 24, 'Volta', 'confirmed'),
    (78, 26, 1, '2024-03-01', 81, 'Western Region', 'pending'),
    (79, 31, 4, '2024-06-01', 44, 'Brong-Ahafo', 'pending'),
    (80, 10, 5, '2024-02-20', 32, 'Ahafo', 'confirmed'),
    (81, 12, 2, '2024-10-09', 1322, 'WR', 'confirmed'),
    (82, 9, 2, '2024-05-24', 92, 'Kumasi', 'confirmed'),
    (83, 19, 4, '2024-04-25', 110, 'Oti', 'confirmed'),
    (84, 11, 1, '2024-06-06', 41, 'Bono East', 'confirmed'),
    (85, 14, 4, '2024-12-24', 74, 'Volta', 'confirmed'),
    (86, 35, 1, '2025-03-31', 37, 'Northern', 'confirmed'),
    (87, 21, 6, '2024-10-21', 951, 'Western', 'confirmed'),
    (88, 37, 5, '2024-05-22', 86, 'Bono East', 'confirmed'),
    (89, 12, 4, '2024-06-19', 25, 'West', 'confirmed'),
    (90, 38, 3, '2024-07-24', 63, 'Ashanti', 'confirmed'),
    (91, 23, 3, '2025-01-30', 5, 'Central', 'cancelled'),
    (92, 36, 4, '2024-09-22', 85, 'Western North', 'confirmed'),
    (93, 10, 2, '2024-03-08', 94, 'Ahafo', 'confirmed'),
    (94, 14, 1, '2024-11-07', 44, 'Volta', 'pending'),
    (95, 7, 5, '2024-04-25', 64, 'Eastern', 'cancelled'),
    (96, 16, 4, '2024-05-29', 111, 'Volta', 'confirmed'),
    (97, 37, 2, '2024-03-15', 70, 'Bono East', 'cancelled'),
    (98, 15, 1, '2025-02-08', 105, 'North', 'confirmed'),
    (99, 25, 6, '2024-10-27', 115, 'Bono East', 'confirmed'),
    (100, 35, 5, '2024-06-19', 63, 'North', 'confirmed'),
    (101, 22, 5, '2025-03-14', 100, 'Upper East', 'confirmed'),
    (102, 31, 4, '2025-02-09', 68, 'Brong-Ahafo', 'confirmed'),
    (103, 15, 5, '2024-06-18', 61, 'Northern', 'pending'),
    (104, 36, 1, '2024-07-28', 14, 'Western North', 'confirmed'),
    (105, 23, 3, '2024-07-22', 114, 'Central', 'cancelled'),
    (106, 31, 3, '2025-03-30', 9, 'Brong-Ahafo', 'pending'),
    (107, 11, 2, '2024-05-27', 60, 'Bono East', 'confirmed'),
    (108, 13, 4, '2024-06-02', 106, 'Western', 'confirmed'),
    (109, 29, 3, '2024-05-05', 106, 'Volta', 'confirmed'),
    (110, 17, 2, '2025-03-21', 68, 'Upper West', 'pending'),
    (111, 16, 2, '2024-05-10', 120, 'Volta', 'confirmed'),
    (112, 25, 6, '2024-02-07', 80, 'Bono East', 'confirmed'),
    (113, 34, 6, '2025-03-08', 114, 'Upper East', 'confirmed'),
    (114, 13, 2, '2024-07-02', 42, 'Western', 'cancelled'),
    (115, 32, 3, '2024-03-06', 111, 'North East', 'confirmed'),
    (116, 21, 5, '2024-04-22', 91, 'Western Region', 'cancelled'),
    (117, 13, 6, '2024-06-07', 1147, 'Western Region', 'confirmed'),
    (118, 25, 3, '2024-03-30', 117, 'Bono East', 'confirmed'),
    (119, 40, 5, '2025-03-01', 66, 'Central', 'confirmed'),
    (120, 28, 1, '2024-02-08', 115, 'Ahafo', 'cancelled'),
    (121, 32, 5, '2025-02-08', 20, 'North East', 'confirmed'),
    (122, 30, 6, '2024-05-14', 52, 'Eastern', 'cancelled'),
    (123, 21, 4, '2025-12-25', 87, 'Western', 'cancelled'),
    (124, 36, 6, '2024-07-28', 9, 'Western North', 'confirmed'),
    (125, 38, 1, '2025-03-30', 52, 'ashanti', 'pending'),
    (126, 16, 4, '2025-03-02', 40, 'Volta', 'confirmed'),
    (127, 30, 2, '2024-04-30', 92, 'East', 'pending'),
    (128, 29, 1, '2024-04-07', 110, 'Volta', 'confirmed'),
    (129, 12, 6, '2024-11-23', 1083, 'Western Region', 'confirmed'),
    (130, 20, 1, '2024-10-10', 116, 'Kumasi', 'confirmed'),
    (131, 16, 5, '2024-05-01', 107, 'Volta', 'confirmed'),
    (132, 14, 6, '2024-03-08', NULL, 'Volta', 'confirmed'),
    (133, 27, 1, '2024-01-27', 19, 'Savannah', 'cancelled'),
    (134, 11, 4, '2024-07-04', 69, 'Bono East', 'confirmed'),
    (135, 9, 6, '2025-03-19', 87, 'Ashanti', 'confirmed'),
    (136, 37, 4, '2024-02-25', 14, 'Bono East', 'confirmed'),
    (137, 27, 5, '2024-03-05', 75, 'Savannah', 'cancelled'),
    (138, 27, 4, '2024-09-28', 60, 'Savannah', 'confirmed'),
    (139, 14, 6, '2025-01-28', 60, 'Volta', 'confirmed'),
    (140, 21, 4, '2024-08-20', 45, 'WR', 'confirmed'),
    (141, 23, 3, '2024-12-17', 111, 'Central', 'confirmed'),
    (142, 12, 4, '2025-01-13', 12, 'West', 'cancelled'),
    (143, 14, 4, '2024-12-06', 97, 'Volta', 'confirmed'),
    (144, 25, 5, '2024-02-23', 89, 'Bono East', 'confirmed'),
    (145, 21, 1, '2024-10-11', 78, 'Western Region', 'confirmed'),
    (146, 8, 5, '2025-02-28', 959, 'Bono East', 'cancelled'),
    (147, 26, 3, '2024-04-02', 56, 'Western', 'confirmed'),
    (148, 8, 1, '2024-04-20', 25, 'Bono East', 'confirmed'),
    (149, 26, 6, '2024-10-17', 24, 'Western Region', 'pending'),
    (150, 10, 6, '2024-08-14', 61, 'Ahafo', 'confirmed'),
    (151, 24, 2, '2024-02-28', 91, 'Savannah', 'cancelled'),
    (152, 38, 5, '2024-01-24', 12, 'Ashanti', 'confirmed'),
    (153, 26, 2, '2025-01-26', 5, 'WR', 'cancelled'),
    (154, 34, 2, '2024-09-29', 111, 'Upper East', 'cancelled'),
    (155, 29, 1, '2025-01-14', NULL, 'Volta', 'confirmed'),
    (156, 36, 1, '2024-10-21', 86, 'Western North', 'confirmed'),
    (157, 25, 1, '2024-06-15', 63, 'Bono East', 'cancelled'),
    (158, 30, 1, '2024-02-24', 72, 'Eastern', 'confirmed'),
    (159, 26, 6, '2024-06-19', 86, 'Western', 'pending'),
    (160, 39, 2, '2024-06-27', 87, 'Western Region', 'confirmed'),
    (161, 13, 2, '2024-03-29', 88, 'Western', 'confirmed'),
    (162, 38, 4, '2025-01-24', 117, 'ASH', 'cancelled'),
    (163, 27, 2, '2024-08-28', 40, 'Savannah', 'pending'),
    (164, 10, 3, '2024-06-07', 1155, 'Ahafo', 'confirmed'),
    (165, 11, 6, '2025-03-13', 54, 'Bono East', 'confirmed'),
    (166, 9, 4, '2024-10-19', 65, 'Kumasi', 'confirmed'),
    (167, 35, 1, '2025-03-04', 69, 'Northern Region', 'confirmed'),
    (168, 22, 6, '2024-08-12', 51, 'Upper East', 'confirmed'),
    (169, 25, 4, '2024-06-22', 85, 'Bono East', 'cancelled'),
    (170, 28, 1, '2024-10-12', 97, 'Ahafo', 'cancelled'),
    (171, 16, 3, '2024-12-05', 88, 'Volta', 'cancelled'),
    (172, 32, 2, '2024-02-13', 106, 'North East', 'confirmed'),
    (173, 15, 6, '2025-01-13', 16, 'NR', 'pending'),
    (174, 30, 1, '2024-04-02', 103, 'ER', 'confirmed'),
    (175, 21, 2, '2024-05-31', 103, 'Western', 'cancelled'),
    (176, 28, 5, '2024-07-11', 93, 'Ahafo', 'pending'),
    (177, 17, 6, '2024-07-29', 61, 'Upper West', 'pending'),
    (178, 25, 6, '2024-04-29', 108, 'Bono East', 'confirmed'),
    (179, 19, 3, '2024-10-19', 41, 'Oti', 'confirmed'),
    (180, 39, 5, '2024-03-23', 22, 'West', 'confirmed'),
    (181, 37, 3, '2024-02-22', 20, 'Bono East', 'confirmed'),
    (182, 12, 2, '2024-09-19', 33, 'WR', 'confirmed'),
    (183, 8, 4, '2024-09-14', 15, 'Bono East', 'confirmed'),
    (184, 21, 1, '2024-02-20', 106, 'Western Region', 'confirmed'),
    (185, 9, 3, '2024-08-29', 95, 'ashanti', 'confirmed'),
    (186, 7, 1, '2024-08-04', 98, 'ER', 'confirmed'),
    (187, 25, 2, '2024-01-25', 84, 'Bono East', 'confirmed'),
    (188, 11, 1, '2024-09-12', 1455, 'Bono East', 'pending'),
    (189, 22, 6, '2024-08-07', NULL, 'Upper East', 'confirmed'),
    (190, 22, 5, '2024-12-06', 51, 'Upper East', 'confirmed'),
    (191, 40, 5, '2024-09-16', 65, 'Central', 'confirmed'),
    (192, 31, 3, '2024-01-09', 35, 'Brong-Ahafo', 'cancelled'),
    (193, 13, 5, '2024-06-19', 48, 'Western Region', 'cancelled'),
    (194, 36, 6, '2024-04-03', 104, 'Western North', 'confirmed'),
    (195, 9, 3, '2025-02-09', 44, 'ashanti', 'pending'),
    (196, 37, 3, '2024-08-04', 11, 'Bono East', 'cancelled'),
    (197, 28, 3, '2024-07-07', 61, 'Ahafo', 'confirmed'),
    (198, 28, 2, '2024-09-11', 39, 'Ahafo', 'confirmed'),
    (199, 34, 1, '2025-02-25', 18, 'Upper East', 'confirmed'),
    (200, 27, 6, '2024-08-16', 93, 'Savannah', 'confirmed'),
    (201, 29, 4, '2025-03-21', 60, 'Volta', 'confirmed'),
    (202, 10, 1, '2024-07-26', 91, 'Ahafo', 'confirmed'),
    (203, 8, 2, '2024-12-13', 537, 'Bono East', 'confirmed'),
    (204, 30, 3, '2024-10-17', NULL, 'Eastern Region', 'cancelled'),
    (205, 35, 3, '2025-01-25', 51, 'NR', 'confirmed'),
    (206, 24, 2, '2024-01-14', 54, 'Savannah', 'pending'),
    (207, 14, 3, '2024-12-26', 41, 'Volta', 'cancelled'),
    (208, 38, 2, '2025-03-12', 96, 'ashanti', 'confirmed'),
    (209, 27, 6, '2024-02-03', 43, 'Savannah', 'confirmed'),
    (210, 18, 3, '2024-03-03', 35, 'Ahafo', 'confirmed'),
    (211, 8, 3, '2024-07-07', 21, 'Bono East', 'pending'),
    (212, 12, 1, '2025-01-02', 103, 'WR', 'pending'),
    (213, 11, 2, '2024-11-24', 71, 'Bono East', 'confirmed'),
    (214, 15, 5, '2024-04-03', 69, 'Northern', 'confirmed'),
    (215, 40, 2, '2024-03-23', 49, 'Central', 'pending'),
    (216, 25, 1, '2024-11-21', 85, 'Bono East', 'confirmed'),
    (217, 12, 5, '2024-10-30', 89, 'West', 'pending'),
    (218, 9, 1, '2024-11-24', 31, 'ashanti', 'pending'),
    (219, 8, 4, '2024-10-06', 66, 'Bono East', 'confirmed'),
    (220, 32, 3, '2024-12-18', 66, 'North East', 'confirmed'),
    (221, 20, 3, '2024-06-09', 115, 'ASH', 'confirmed'),
    (222, 15, 3, '2024-02-24', 39, 'NR', 'confirmed'),
    (223, 16, 1, '2024-07-15', 115, 'Volta', 'confirmed'),
    (224, 27, 5, '2024-04-07', 70, 'Savannah', 'confirmed'),
    (225, 38, 3, '2024-02-16', 35, 'Kumasi', 'pending'),
    (226, 29, 1, '2024-09-10', 91, 'Volta', 'confirmed'),
    (227, 25, 5, '2024-04-01', 98, 'Bono East', 'confirmed'),
    (228, 32, 3, '2024-01-27', 75, 'North East', 'confirmed'),
    (229, 11, 4, '2025-01-26', 84, 'Bono East', 'cancelled'),
    (230, 14, 2, '2024-07-20', 76, 'Volta', 'confirmed'),
    (231, 16, 2, '2024-07-24', 22, 'Volta', 'cancelled'),
    (232, 28, 4, '2024-03-17', 46, 'Ahafo', 'pending'),
    (233, 27, 2, '2024-11-11', 48, 'Savannah', 'pending'),
    (234, 39, 5, '2024-10-15', 52, 'West', 'cancelled'),
    (235, 14, 4, '2025-02-11', 85, 'Volta', 'confirmed'),
    (236, 37, 3, '2025-02-04', 34, 'Bono East', 'cancelled'),
    (237, 10, 5, '2024-09-25', 112, 'Ahafo', 'confirmed'),
    (238, 16, 6, '2024-10-20', 7, 'Volta', 'confirmed'),
    (239, 27, 4, '2024-12-19', 83, 'Savannah', 'confirmed'),
    (240, 10, 6, '2024-04-16', 66, 'Ahafo', 'pending'),
    (241, 31, 3, '2024-08-23', 50, 'Brong-Ahafo', 'cancelled'),
    (242, 23, 5, '2024-05-06', 43, 'Central', 'confirmed'),
    (243, 20, 6, '2024-06-11', 106, 'ASH', 'confirmed'),
    (244, 14, 5, '2024-07-13', 49, 'Volta', 'confirmed'),
    (245, 25, 1, '2024-12-31', 88, 'Bono East', 'confirmed'),
    (246, 37, 2, '2024-10-02', 39, 'Bono East', 'confirmed'),
    (247, 13, 5, '2024-05-02', 72, 'Western Region', 'cancelled'),
    (248, 21, 1, '2024-06-18', 103, 'Western Region', 'confirmed'),
    (249, 17, 4, '2025-03-26', 30, 'Upper West', 'confirmed'),
    (250, 27, 3, '2025-01-28', 73, 'Savannah', 'cancelled'),
    (251, 9, 2, '2025-03-04', 112, 'ashanti', 'confirmed'),
    (252, 18, 6, '2024-05-28', 1563, 'Ahafo', 'pending'),
    (253, 13, 3, '2024-11-24', 22, 'WR', 'confirmed'),
    (254, 19, 1, '2025-01-09', 28, 'Oti', 'confirmed'),
    (255, 28, 3, '2025-01-22', 86, 'Ahafo', 'confirmed'),
    (256, 34, 5, '2024-07-24', 22, 'Upper East', 'confirmed'),
    (257, 27, 2, '2025-04-18', 47, 'Savannah', 'confirmed'),
    (258, 7, 3, '2024-12-20', 64, 'East', 'confirmed'),
    (259, 32, 6, '2025-03-30', 20, 'North East', 'cancelled'),
    (260, 25, 3, '2024-04-22', 63, 'Bono East', 'cancelled'),
    (261, 30, 4, '2024-08-29', 110, 'Eastern Region', 'confirmed'),
    (262, 12, 5, '2024-12-26', 19, 'Western', 'pending'),
    (263, 39, 2, '2024-03-17', 61, 'Western', 'cancelled'),
    (264, 20, 6, '2024-02-16', 12, 'ashanti', 'confirmed'),
    (265, 39, 4, '2024-01-30', 44, 'Western', 'confirmed'),
    (266, 23, 1, '2024-10-23', 94, 'Central', 'confirmed'),
    (267, 10, 1, '2024-08-29', NULL, 'Ahafo', 'confirmed'),
    (268, 18, 2, '2025-01-08', 119, 'Ahafo', 'confirmed'),
    (269, 35, 4, '2024-12-15', 22, 'North', 'confirmed'),
    (270, 18, 5, '2024-03-06', 5, 'Ahafo', 'confirmed'),
    (271, 26, 4, '2024-10-05', 34, 'Western Region', 'confirmed'),
    (272, 29, 2, '2025-03-24', 108, 'Volta', 'cancelled'),
    (273, 33, 5, '2025-03-28', 13, 'Northern', 'pending'),
    (274, 9, 4, '2024-12-26', 10, 'ashanti', 'confirmed'),
    (275, 21, 5, '2025-03-18', 42, 'Western Region', 'cancelled'),
    (276, 27, 5, '2024-12-10', 117, 'Savannah', 'confirmed'),
    (277, 40, 2, '2024-05-20', 117, 'Central', 'cancelled'),
    (278, 18, 6, '2024-10-11', 87, 'Ahafo', 'cancelled'),
    (279, 31, 5, '2024-08-01', 28, 'Brong-Ahafo', 'pending'),
    (280, 37, 2, '2024-06-02', 64, 'Bono East', 'confirmed'),
    (281, 33, 4, '2024-03-09', 47, 'Northern', 'confirmed'),
    (282, 30, 1, '2025-02-28', 91, 'Eastern', 'confirmed'),
    (283, 19, 5, '2024-10-13', 47, 'Oti', 'confirmed'),
    (284, 7, 2, '2025-01-14', 66, 'Eastern Region', 'cancelled'),
    (285, 20, 4, '2024-10-09', 64, 'ASH', 'confirmed'),
    (286, 23, 3, '2024-09-11', 97, 'Central', 'confirmed'),
    (287, 27, 2, '2024-07-30', NULL, 'Savannah', 'confirmed'),
    (288, 16, 1, '2024-10-26', 24, 'Volta', 'confirmed'),
    (289, 28, 2, '2025-03-02', 92, 'Ahafo', 'confirmed'),
    (290, 23, 4, '2024-11-24', 98, 'Central', 'confirmed'),
    (291, 17, 2, '2024-09-07', 87, 'Upper West', 'confirmed'),
    (292, 40, 1, '2024-02-08', 102, 'Central', 'confirmed'),
    (293, 33, 2, '2024-04-28', 32, 'NR', 'confirmed'),
    (294, 10, 5, '2024-11-11', 7, 'Ahafo', 'confirmed'),
    (295, 33, 1, '2024-12-25', 69, 'NR', 'confirmed'),
    (296, 13, 1, '2024-05-03', 109, 'West', 'confirmed'),
    (297, 32, 1, '2024-07-26', 94, 'North East', 'confirmed'),
    (298, 26, 6, '2024-02-11', 102, 'Western', 'confirmed'),
    (299, 32, 4, '2024-08-31', 750, 'North East', 'confirmed'),
    (300, 38, 4, '2024-06-18', 17, 'Ashanti', 'confirmed'),
    (301, 27, 1, '2024-09-01', 25, 'Savannah', 'confirmed'),
    (302, 16, 2, '2024-12-08', 64, 'Volta', 'cancelled'),
    (303, 23, 1, '2025-01-18', 49, 'Central', 'confirmed'),
    (304, 36, 2, '2024-12-07', 45, 'Western North', 'confirmed'),
    (305, 33, 6, '2024-12-12', 77, 'North', 'confirmed'),
    (306, 21, 2, '2024-08-04', 13, 'West', 'confirmed'),
    (307, 26, 4, '2025-01-19', 1553, 'Western', 'confirmed'),
    (308, 14, 2, '2024-06-22', NULL, 'Volta', 'pending'),
    (309, 11, 5, '2024-12-08', 97, 'Bono East', 'pending');

-- ============================================================
-- TABLE: delivery_dates
-- ~85% of orders have a delivery record (realistic gap)
-- Some deliveries are delayed (actual_date > expected_date)
-- ============================================================
CREATE TABLE delivery_dates (
    delivery_id      SERIAL PRIMARY KEY,
    order_id         INT REFERENCES orders(order_id),
    expected_date    DATE,
    actual_date      DATE,
    delivery_status  VARCHAR(30)
);

INSERT INTO delivery_dates (delivery_id, order_id, expected_date, actual_date, delivery_status) VALUES
    (1, 1, '2024-12-20', '2024-12-27', 'delayed'),
    (2, 2, '2024-01-20', '2024-01-24', 'pending'),
    (3, 3, '2024-04-22', '2024-04-23', 'delayed'),
    (4, 4, '2025-01-04', '2025-01-04', 'on_time'),
    (5, 5, '2024-10-18', '2024-10-26', 'delayed'),
    (6, 6, '2024-07-25', '2024-08-01', 'delayed'),
    (7, 7, '2025-01-28', '2025-01-29', 'delayed'),
    (8, 8, '2024-12-25', '2024-12-25', 'on_time'),
    (9, 9, '2024-06-28', '2024-06-28', 'on_time'),
    (10, 10, '2025-03-07', '2025-03-11', 'delayed'),
    (11, 11, '2024-11-16', '2024-11-21', 'delayed'),
    (12, 12, '2024-06-18', '2024-06-27', 'delayed'),
    (13, 13, '2024-08-23', '2024-08-25', 'delayed'),
    (14, 14, '2024-07-16', '2024-07-17', 'delayed'),
    (15, 15, '2024-12-09', '2024-12-09', 'on_time'),
    (16, 16, '2024-06-03', '2024-06-13', 'delayed'),
    (17, 17, '2024-05-20', '2024-05-25', 'delayed'),
    (18, 18, '2024-11-23', '2024-12-03', 'delayed'),
    (19, 19, '2024-07-05', '2024-07-05', 'pending'),
    (20, 20, '2024-06-11', '2024-06-15', 'delayed'),
    (21, 21, '2024-02-25', '2024-02-25', 'on_time'),
    (22, 22, '2024-08-23', '2024-08-30', 'delayed'),
    (23, 23, '2024-02-24', '2024-02-24', 'on_time'),
    (24, 24, '2024-02-23', '2024-03-02', 'delayed'),
    (25, 25, '2025-03-23', '2025-03-22', 'on_time'),
    (26, 26, '2024-07-19', '2024-07-29', 'delayed'),
    (27, 27, '2024-05-10', '2024-05-17', 'delayed'),
    (28, 28, '2024-07-16', '2024-07-17', 'delayed'),
    (29, 29, '2024-05-22', '2024-05-23', 'delayed'),
    (30, 30, '2024-08-14', '2024-08-19', 'delayed'),
    (31, 31, '2025-02-06', '2025-02-10', 'delayed'),
    (32, 32, '2024-05-13', '2024-05-22', 'delayed'),
    (33, 33, '2024-11-14', '2024-11-20', 'delayed'),
    (34, 34, '2024-06-06', '2024-06-11', 'delayed'),
    (35, 35, '2024-11-18', '2024-11-22', 'delayed'),
    (36, 36, '2024-08-15', '2024-08-23', 'delayed'),
    (37, 37, '2024-06-19', '2024-06-29', 'delayed'),
    (38, 38, '2024-06-12', '2024-06-17', 'delayed'),
    (39, 39, '2024-06-05', '2024-06-15', 'delayed'),
    (40, 40, '2024-10-24', '2024-10-28', 'delayed'),
    (41, 41, '2025-02-27', '2025-03-03', 'delayed'),
    (42, 42, '2024-10-18', '2024-10-26', 'delayed'),
    (43, 43, '2024-04-09', '2024-04-16', 'pending'),
    (44, 44, '2025-01-12', '2025-01-22', 'delayed'),
    (45, 45, '2025-02-16', '2025-02-26', 'delayed'),
    (46, 46, '2025-03-15', '2025-03-24', 'delayed'),
    (47, 47, '2024-11-24', '2024-11-26', 'delayed'),
    (48, 48, '2024-03-26', '2024-03-31', 'delayed'),
    (49, 49, '2024-02-12', '2024-02-20', 'delayed'),
    (50, 50, '2024-07-30', '2024-08-06', 'delayed'),
    (51, 51, '2025-03-28', '2025-04-02', 'delayed'),
    (52, 52, '2025-02-12', '2025-02-22', 'delayed'),
    (53, 53, '2024-10-07', '2024-10-16', 'delayed'),
    (54, 54, '2024-02-28', '2024-03-08', 'delayed'),
    (55, 55, '2024-04-02', '2024-04-10', 'pending'),
    (56, 56, '2024-12-03', '2024-12-12', 'delayed'),
    (57, 57, '2025-01-24', '2025-01-29', 'delayed'),
    (58, 58, '2024-02-24', '2024-02-26', 'delayed'),
    (59, 59, '2024-09-28', '2024-10-06', 'delayed'),
    (60, 60, '2024-04-28', '2024-05-02', 'delayed'),
    (61, 61, '2025-02-06', '2025-02-14', 'delayed'),
    (62, 62, '2024-03-22', '2024-03-21', 'on_time'),
    (63, 63, '2024-06-05', '2024-06-05', 'on_time'),
    (64, 64, '2025-01-11', '2025-01-15', 'delayed'),
    (65, 65, '2024-08-24', '2024-08-31', 'delayed'),
    (66, 66, '2024-09-02', '2024-09-08', 'delayed'),
    (67, 67, '2024-08-23', '2024-08-23', 'on_time'),
    (68, 68, '2025-02-25', '2025-02-25', 'pending'),
    (69, 69, '2024-07-01', '2024-07-01', 'on_time'),
    (70, 70, '2024-04-01', '2024-04-03', 'delayed'),
    (71, 71, '2024-10-12', '2024-10-16', 'delayed'),
    (72, 72, '2024-08-27', '2024-09-01', 'delayed'),
    (73, 73, '2024-04-12', '2024-04-21', 'delayed'),
    (74, 74, '2024-01-22', '2024-01-30', 'delayed'),
    (75, 75, '2024-08-24', '2024-08-29', 'delayed'),
    (76, 76, '2024-12-29', '2024-12-31', 'delayed'),
    (77, 77, '2024-12-28', '2025-01-05', 'delayed'),
    (78, 78, '2025-03-28', '2025-03-29', 'delayed'),
    (79, 79, '2024-04-15', '2024-04-15', 'on_time'),
    (80, 80, '2025-03-22', '2025-03-29', 'delayed'),
    (81, 81, '2024-06-15', '2024-06-20', 'delayed'),
    (82, 82, '2024-10-29', '2024-11-02', 'delayed'),
    (83, 83, '2024-08-28', '2024-08-29', 'delayed'),
    (84, 84, '2024-12-31', '2025-01-08', 'delayed'),
    (85, 85, '2024-12-13', '2024-12-17', 'delayed'),
    (86, 86, '2024-06-07', '2024-06-08', 'delayed'),
    (87, 87, '2024-03-19', '2024-03-24', 'delayed'),
    (88, 88, '2024-03-17', '2024-03-22', 'delayed'),
    (89, 89, '2024-09-13', '2024-09-20', 'delayed'),
    (90, 90, '2024-11-29', '2024-12-06', 'delayed'),
    (91, 91, '2024-05-30', '2024-05-31', 'delayed'),
    (92, 92, '2024-08-24', '2024-08-23', 'on_time'),
    (93, 93, '2024-01-10', '2024-01-11', 'delayed'),
    (94, 94, '2024-07-21', '2024-07-28', 'delayed'),
    (95, 95, '2024-08-04', '2024-08-10', 'delayed'),
    (96, 96, '2025-03-11', '2025-03-17', 'delayed'),
    (97, 97, '2024-10-18', '2024-10-20', 'delayed'),
    (98, 98, '2024-05-23', '2024-05-30', 'delayed'),
    (99, 99, '2025-02-08', '2025-02-16', 'delayed'),
    (100, 100, '2025-02-01', '2025-02-08', 'delayed'),
    (101, 101, '2024-10-22', '2024-10-25', 'delayed'),
    (102, 102, '2025-03-01', '2025-03-08', 'delayed'),
    (103, 103, '2024-01-29', '2024-02-04', 'delayed'),
    (104, 104, '2024-08-07', '2024-08-17', 'delayed'),
    (105, 105, '2025-01-22', '2025-01-25', 'delayed'),
    (106, 106, '2024-01-22', '2024-01-25', 'delayed'),
    (107, 107, '2025-02-24', '2025-03-02', 'delayed'),
    (108, 108, '2024-03-04', '2024-03-06', 'delayed'),
    (109, 109, '2024-11-04', '2024-11-08', 'delayed'),
    (110, 110, '2024-11-15', '2024-11-20', 'delayed'),
    (111, 111, '2024-03-15', '2024-03-17', 'delayed'),
    (112, 112, '2024-10-22', '2024-10-29', 'delayed'),
    (113, 113, '2024-10-05', '2024-10-09', 'delayed'),
    (114, 114, '2024-06-02', '2024-06-10', 'delayed'),
    (115, 115, '2025-03-21', '2025-03-30', 'delayed'),
    (116, 116, '2024-03-15', '2024-03-14', 'on_time'),
    (117, 117, '2025-03-26', '2025-03-27', 'delayed'),
    (118, 118, '2024-03-11', '2024-03-12', 'delayed'),
    (119, 119, '2025-03-03', '2025-03-12', 'delayed'),
    (120, 120, '2024-03-19', '2024-03-28', 'delayed'),
    (121, 121, '2024-08-05', '2024-08-11', 'delayed'),
    (122, 122, '2025-02-12', '2025-02-17', 'delayed'),
    (123, 123, '2024-05-29', '2024-06-02', 'delayed'),
    (124, 124, '2024-09-10', '2024-09-18', 'pending'),
    (125, 125, '2025-02-07', '2025-02-07', 'on_time'),
    (126, 126, '2024-08-29', '2024-09-07', 'delayed'),
    (127, 127, '2025-03-13', '2025-03-20', 'delayed'),
    (128, 128, '2024-08-10', '2024-08-16', 'delayed'),
    (129, 129, '2025-03-04', '2025-03-08', 'delayed'),
    (130, 130, '2024-03-13', '2024-03-19', 'delayed'),
    (131, 131, '2024-12-17', '2024-12-16', 'on_time'),
    (132, 132, '2025-02-10', '2025-02-09', 'on_time'),
    (133, 133, '2025-03-18', '2025-03-24', 'delayed'),
    (134, 134, '2024-08-10', '2024-08-20', 'delayed'),
    (135, 135, '2025-04-03', '2025-04-06', 'delayed'),
    (136, 136, '2025-03-28', '2025-03-28', 'on_time'),
    (137, 137, '2024-05-10', '2024-05-14', 'delayed'),
    (138, 138, '2024-12-01', '2024-11-30', 'on_time'),
    (139, 139, '2024-06-12', '2024-06-22', 'delayed'),
    (140, 140, '2024-08-14', '2024-08-14', 'on_time'),
    (141, 141, '2024-01-04', '2024-01-10', 'delayed'),
    (142, 142, '2024-11-02', '2024-11-09', 'delayed'),
    (143, 143, '2024-01-07', '2024-01-17', 'delayed'),
    (144, 144, '2024-03-07', '2024-03-17', 'delayed'),
    (145, 145, '2024-02-09', '2024-02-14', 'delayed'),
    (146, 146, '2025-02-18', '2025-02-18', 'on_time'),
    (147, 147, '2025-03-31', '2025-04-01', 'delayed'),
    (148, 148, '2025-02-23', '2025-03-04', 'delayed'),
    (149, 149, '2024-03-16', '2024-03-23', 'delayed'),
    (150, 150, '2024-11-15', '2024-11-16', 'delayed'),
    (151, 151, '2025-01-07', '2025-01-16', 'delayed'),
    (152, 152, '2024-08-04', '2024-08-13', 'delayed'),
    (153, 153, '2024-04-23', '2024-04-23', 'on_time'),
    (154, 154, '2024-03-10', '2024-03-20', 'delayed'),
    (155, 155, '2024-08-11', '2024-08-12', 'delayed'),
    (156, 156, '2024-11-28', '2024-11-30', 'delayed'),
    (157, 157, '2024-11-10', '2024-11-18', 'delayed'),
    (158, 158, '2024-12-21', '2024-12-30', 'delayed'),
    (159, 159, '2024-04-21', '2024-04-29', 'delayed'),
    (160, 160, '2025-01-22', '2025-01-25', 'delayed'),
    (161, 161, '2025-02-08', '2025-02-14', 'delayed'),
    (162, 162, '2024-05-08', '2024-05-17', 'delayed'),
    (163, 163, '2024-09-29', '2024-10-03', 'delayed'),
    (164, 164, '2024-03-13', '2024-03-21', 'delayed'),
    (165, 165, '2024-10-13', '2024-10-14', 'delayed'),
    (166, 166, '2025-01-31', '2025-01-30', 'on_time'),
    (167, 167, '2024-01-12', '2024-01-14', 'pending'),
    (168, 168, '2024-02-05', '2024-02-12', 'delayed'),
    (169, 169, '2025-01-05', '2025-01-10', 'delayed'),
    (170, 170, '2024-07-26', '2024-08-04', 'delayed'),
    (171, 171, '2024-11-14', '2024-11-17', 'delayed'),
    (172, 172, '2024-02-16', '2024-02-18', 'delayed'),
    (173, 173, '2024-03-26', '2024-03-30', 'delayed'),
    (174, 174, '2024-11-27', '2024-12-06', 'delayed'),
    (175, 175, '2024-06-14', '2024-06-19', 'delayed'),
    (176, 176, '2025-03-12', '2025-03-11', 'on_time'),
    (177, 177, '2024-08-12', '2024-08-18', 'delayed'),
    (178, 178, '2024-02-02', '2024-02-11', 'delayed'),
    (179, 179, '2025-01-17', '2025-01-17', 'pending'),
    (180, 180, '2024-03-18', '2024-03-17', 'on_time'),
    (181, 181, '2024-07-02', '2024-07-09', 'delayed'),
    (182, 182, '2025-01-08', '2025-01-09', 'delayed'),
    (183, 183, '2025-01-22', '2025-02-01', 'delayed'),
    (184, 184, '2025-01-31', '2025-02-04', 'delayed'),
    (185, 185, '2024-05-25', '2024-05-25', 'on_time'),
    (186, 186, '2024-10-29', '2024-10-29', 'on_time'),
    (187, 187, '2024-09-22', '2024-09-21', 'on_time'),
    (188, 188, '2024-10-20', '2024-10-24', 'delayed'),
    (189, 189, '2025-02-01', '2025-02-09', 'delayed'),
    (190, 190, '2024-03-03', '2024-03-13', 'delayed'),
    (191, 191, '2024-01-25', '2024-01-27', 'pending'),
    (192, 192, '2024-07-10', '2024-07-11', 'delayed'),
    (193, 193, '2025-03-17', '2025-03-24', 'delayed'),
    (194, 194, '2025-01-07', '2025-01-16', 'delayed'),
    (195, 195, '2024-06-16', '2024-06-21', 'delayed'),
    (196, 196, '2024-06-16', '2024-06-16', 'on_time'),
    (197, 197, '2024-03-08', '2024-03-17', 'delayed'),
    (198, 198, '2024-04-04', '2024-04-11', 'delayed'),
    (199, 199, '2024-07-26', '2024-08-01', 'delayed'),
    (200, 200, '2025-02-04', '2025-02-08', 'delayed'),
    (201, 201, '2024-08-23', '2024-08-27', 'delayed'),
    (202, 202, '2024-10-19', '2024-10-29', 'delayed'),
    (203, 203, '2024-08-29', '2024-09-06', 'delayed'),
    (204, 204, '2025-02-02', '2025-02-12', 'delayed'),
    (205, 205, '2025-01-27', '2025-01-28', 'pending'),
    (206, 206, '2024-07-30', '2024-08-01', 'delayed'),
    (207, 207, '2024-11-28', '2024-11-27', 'on_time'),
    (208, 208, '2024-01-08', '2024-01-13', 'delayed'),
    (209, 209, '2025-01-11', '2025-01-11', 'on_time'),
    (210, 210, '2024-05-06', '2024-05-12', 'delayed'),
    (211, 211, '2024-03-20', '2024-03-23', 'delayed'),
    (212, 212, '2024-05-04', '2024-05-09', 'delayed'),
    (213, 213, '2024-07-14', '2024-07-24', 'delayed'),
    (214, 214, '2024-02-24', '2024-02-25', 'delayed'),
    (215, 215, '2024-07-22', '2024-07-30', 'delayed'),
    (216, 216, '2024-08-17', '2024-08-18', 'delayed'),
    (217, 217, '2024-05-17', '2024-05-22', 'delayed'),
    (218, 218, '2025-01-15', '2025-01-19', 'delayed'),
    (219, 219, '2024-05-01', '2024-05-03', 'delayed'),
    (220, 220, '2025-02-04', '2025-02-04', 'on_time'),
    (221, 221, '2024-03-30', '2024-04-05', 'delayed'),
    (222, 222, '2024-03-08', '2024-03-12', 'delayed'),
    (223, 223, '2024-04-21', '2024-04-24', 'delayed'),
    (224, 224, '2025-03-14', '2025-03-14', 'on_time'),
    (225, 225, '2024-12-21', '2024-12-31', 'delayed'),
    (226, 226, '2024-01-24', '2024-01-28', 'delayed'),
    (227, 227, '2025-01-02', '2025-01-06', 'delayed'),
    (228, 228, '2024-02-02', '2024-02-05', 'delayed'),
    (229, 229, '2024-04-01', '2024-04-06', 'delayed'),
    (230, 230, '2024-10-18', '2024-10-25', 'delayed'),
    (231, 231, '2024-08-26', '2024-08-27', 'delayed'),
    (232, 232, '2024-02-04', '2024-02-05', 'delayed'),
    (233, 233, '2024-07-28', '2024-08-06', 'delayed'),
    (234, 234, '2024-11-28', '2024-12-06', 'delayed'),
    (235, 235, '2025-02-22', '2025-02-21', 'on_time'),
    (236, 236, '2024-04-18', '2024-04-24', 'delayed'),
    (237, 237, '2024-02-21', '2024-02-21', 'pending'),
    (238, 238, '2024-08-26', '2024-08-27', 'delayed'),
    (239, 239, '2024-08-16', '2024-08-21', 'delayed'),
    (240, 240, '2024-07-21', '2024-07-26', 'delayed'),
    (241, 241, '2024-04-22', '2024-04-25', 'delayed'),
    (242, 242, '2025-03-31', '2025-03-30', 'on_time'),
    (243, 243, '2024-11-14', '2024-11-23', 'delayed'),
    (244, 244, '2024-08-04', '2024-08-10', 'delayed'),
    (245, 245, '2024-05-28', '2024-05-29', 'delayed'),
    (246, 246, '2024-12-01', '2024-12-03', 'delayed'),
    (247, 247, '2025-02-20', '2025-02-19', 'on_time'),
    (248, 248, '2025-02-11', '2025-02-15', 'delayed'),
    (249, 249, '2025-02-09', '2025-02-13', 'delayed'),
    (250, 250, '2024-09-18', '2024-09-23', 'delayed'),
    (251, 251, '2024-01-18', '2024-01-26', 'delayed'),
    (252, 252, '2025-02-23', '2025-02-22', 'on_time'),
    (253, 253, '2024-09-04', '2024-09-08', 'delayed'),
    (254, 254, '2024-05-02', '2024-05-02', 'on_time'),
    (255, 255, '2024-05-07', '2024-05-14', 'delayed'),
    (256, 256, '2025-01-14', '2025-01-16', 'delayed'),
    (257, 257, '2025-02-17', '2025-02-21', 'delayed'),
    (258, 258, '2025-03-11', '2025-03-12', 'delayed'),
    (259, 259, '2024-06-18', '2024-06-28', 'delayed'),
    (260, 260, '2024-10-31', '2024-11-10', 'delayed'),
    (261, 261, '2024-10-23', '2024-10-24', 'delayed'),
    (262, 262, '2024-04-11', '2024-04-18', 'delayed'),
    (263, 263, '2024-09-10', '2024-09-10', 'pending');